Id,Label
& Son Steakeasy,& Son Steakeasy
11 Tigers,11 Tigers
1936 Wines And Spirits,1936 Wines And Spirits
20 Gram Cafe,20 Gram Cafe
21 Street Cafe,21 Street Cafe
212 Steakhouse,212 Steakhouse
2nd Ave Deli,2nd Ave Deli
37 Xiang,37 Xiang
4 Charles Prime,4 Charles Prime
46 Mott,46 Mott
4747 Lic,4747 Lic
48 Lounge,48 Lounge
5 Napkin Burger,5 Napkin Burger
53,53
5ive Spice,5ive Spice
618 Restaurant,618 Restaurant
62 Secret Kitchen,62 Secret Kitchen
7th Street Burger,7th Street Burger
8 Bit Bites,8 Bit Bites
85c Bakery & Cafe,85c Bakery & Cafe
972 Burgers Bar,972 Burgers Bar
99 Ranch Market,99 Ranch Market
A Happy Pancake,A Happy Pancake
A Roll Nyc,A Roll Nyc
A&a Bake Doubles And Roti,A&a Bake Doubles And Roti
A-roll,A-roll
Aba Turkish Restaurant,Aba Turkish Restaurant
Abc Cocina,Abc Cocina
Abe & Louie,Abe & Louie
Abu Rass,Abu Rass
Abuqir,Abuqir
Acadia,Acadia
Acre,Acre
Adda,Adda
Adela's Country Eatery,Adela's Country Eatery
Adrienne's Pizza Bar,Adrienne's Pizza Bar
Affy's Steakhouse & Grill,Affy's Steakhouse & Grill
Afuri Ramen,Afuri Ramen
Aga's Restaurant,Aga's Restaurant
Agenda Restaurant,Agenda Restaurant
Ahgassi Gopchang,Ahgassi Gopchang
Ai Fiori,Ai Fiori
Ai Ki Ya,Ai Ki Ya
Aita Trattoria,Aita Trattoria
Akatsuki,Akatsuki
Akino,Akino
Al Sham Restaurant,Al Sham Restaurant
Albert's Bar,Albert's Bar
Alfredo Beans,Alfredo Beans
Aliada,Aliada
All'antico Vinaio,All'antico Vinaio
Alnour,Alnour
Alpine Butcher,Alpine Butcher
Altokepez,Altokepez
Amai Ba,Amai Ba
Amdo Kitchen,Amdo Kitchen
American Bar,American Bar
American Brass,American Brass
Amo Seafood,Amo Seafood
Amorino,Amorino
Ample Hills Creamery,Ample Hills Creamery
Amy Ruth's,Amy Ruth's
Amy Thai Bistro,Amy Thai Bistro
Ananas Pizzeria,Ananas Pizzeria
Anchovies,Anchovies
Andie's Eats,Andie's Eats
Ando Patisserie,Ando Patisserie
Angel Fried Chicken,Angel Fried Chicken
Angelina Bakery,Angelina Bakery
Anika Japanese Beauty Lounge,Anika Japanese Beauty Lounge
Anntremet,Anntremet
Antica Vinaio,Antica Vinaio
Antidote,Antidote
Anytime Billiards,Anytime Billiards
Anytime Kitchen,Anytime Kitchen
Anytime Kitchen Fort Lee,Anytime Kitchen Fort Lee
Anytime Street,Anytime Street
Apollo Bagels,Apollo Bagels
Apotek Speakeasy,Apotek Speakeasy
Appas Pizza,Appas Pizza
Aqua,Aqua
Aqua New York,Aqua New York
Aquavit,Aquavit
Arirang Hibachi Steakhouse,Arirang Hibachi Steakhouse
Ariston Flowers,Ariston Flowers
Arlo,Arlo
Arlo Soho,Arlo Soho
Aroll Bar & Grill,Aroll Bar & Grill
Arte Cafe,Arte Cafe
Arthur & Sons Ny Italian,Arthur & Sons Ny Italian
As You Like,As You Like
Asalbee,Asalbee
Asian Jewels,Asian Jewels
Aska,Aska
Astoria Seafood,Astoria Seafood
Atlantic Grill,Atlantic Grill
Atlas Kitchen,Atlas Kitchen
Atoboy,Atoboy
Atti,Atti
Atto Sushi,Atto Sushi
Au Chavel,Au Chavel
Au Cheval,Au Cheval
Au Cheval Diner,Au Cheval Diner
Augie's Restaurant,Augie's Restaurant
Avra,Avra
Awesum Dimsum,Awesum Dimsum
Ayza,Ayza
Azuki To Kouri,Azuki To Kouri
B&d Halal,B&d Halal
Ba Xuyen,Ba Xuyen
Baby's Buns & Buckets,Baby's Buns & Buckets
Baccarat Hotel,Baccarat Hotel
Bad Habits Astoria,Bad Habits Astoria
Bad Roman,Bad Roman
Baekjeong,Baekjeong
Bagel Pub,Bagel Pub
Bagelafe,Bagelafe
Bahari Estiatorio,Bahari Estiatorio
Bai Tong Thai Restaurant,Bai Tong Thai Restaurant
Baires Grill,Baires Grill
Bakers Cafe,Bakers Cafe
Bakey,Bakey
Baklava Home,Baklava Home
Balaboosta,Balaboosta
Balade,Balade
Ban Ban Shop,Ban Ban Shop
Banan,Banan
Bang Bang Bangkok,Bang Bang Bangkok
Bangia,Bangia
Bangklyn East Harlem,Bangklyn East Harlem
Bangkok 2 Thai,Bangkok 2 Thai
Bangkok Degree,Bangkok Degree
Bangkok Supper Club,Bangkok Supper Club
Banksy Museum,Banksy Museum
Bantam King,Bantam King
Banter,Banter
Bao,Bao
Baodega,Baodega
Baonanas,Baonanas
Bar Boulud,Bar Boulud
Bar Cino,Bar Cino
Bar High Five,Bar High Five
Bar Primi,Bar Primi
Bar San Miguel,Bar San Miguel
Bar Vivant,Bar Vivant
Bar Whimsy,Bar Whimsy
Barboncino,Barboncino
Barbono,Barbono
Bark Barbecue,Bark Barbecue
Barrio Taqueria,Barrio Taqueria
Bartley Dunnes,Bartley Dunnes
Barton G,Barton G
Basta Pasta Ristorante,Basta Pasta Ristorante
Battello,Battello
Bay Ridge House Of Wings,Bay Ridge House Of Wings
Bazlama,Bazlama
Bbq Spot,Bbq Spot
Bear Donut,Bear Donut
Beard Papa's,Beard Papa's
Beat The Bomb,Beat The Bomb
Beauty & Essex,Beauty & Essex
Bedford Gardens,Bedford Gardens
Beefbar,Beefbar
Beer Garage,Beer Garage
Bellden Cafe,Bellden Cafe
Ben And Jerry's,Ben And Jerry's
Ben's Chili Bowl,Ben's Chili Bowl
Benares,Benares
Benoit New York,Benoit New York
Bento By .7,Bento By .7
Berimbau,Berimbau
Best Bagel & Coffee,Best Bagel & Coffee
Beta5 Chocolates,Beta5 Chocolates
Betong,Betong
Between The Bagel,Between The Bagel
Bianco Latte Bakery,Bianco Latte Bakery
Biao Sugar,Biao Sugar
Bibble And Sip,Bibble And Sip
Bien Cuit Bakery,Bien Cuit Bakery
Bill's Bar & Burger,Bill's Bar & Burger
Billie's Hot Chicken,Billie's Hot Chicken
Bird Dog,Bird Dog
Birdbox,Birdbox
Birria Landia,Birria Landia
Birriales,Birriales
Birrittella's Pizza Dough,Birrittella's Pizza Dough
Bistec Churrasco,Bistec Churrasco
Bite Food & Coffee Co.,Bite Food & Coffee Co.
Bites & Blends,Bites & Blends
Bk Jani,Bk Jani
Bklyn Macarons,Bklyn Macarons
Black Rose European Bakery,Black Rose European Bakery
Black Tap,Black Tap
Blackseedbagels,Blackseedbagels
Blank Street,Blank Street
Blend,Blend
Bleu Lemon,Bleu Lemon
Blimpie,Blimpie
Blitzen's Bar,Blitzen's Bar
Blu,Blu
Blu On The Hudson,Blu On The Hudson
Blue Blossom,Blue Blossom
Blue Box Cafe,Blue Box Cafe
Blue Moon,Blue Moon
Blue Moon Cafe,Blue Moon Cafe
Blue Mountain Sushi,Blue Mountain Sushi
Blue Ribbon Bbq,Blue Ribbon Bbq
Blue Ribbon Sushi,Blue Ribbon Sushi
Blue Sunday Bar & Grill,Blue Sunday Bar & Grill
Blue Sunday Bensalem,Blue Sunday Bensalem
Blvd Bistro,Blvd Bistro
Bo Ky Chinese Restaurant,Bo Ky Chinese Restaurant
Bodhi Village,Bodhi Village
Boilicious,Boilicious
Boiling Boys,Boiling Boys
Bom Dough,Bom Dough
Bonbon,Bonbon
Bond 45,Bond 45
Bonefish Grill,Bonefish Grill
Boni Burger,Boni Burger
Boon Dee Bbq,Boon Dee Bbq
Boon Dee Moo Ka Ta Thai B.b.q.,Boon Dee Moo Ka Ta Thai B.b.q.
Boots & Bones,Boots & Bones
Booze Free Bar,Booze Free Bar
Bora Bora Smoothie Cafe,Bora Bora Smoothie Cafe
Botld,Botld
Boucherie,Boucherie
Boucherie Us,Boucherie Us
Boulud Sur Mer,Boulud Sur Mer
Bourbon Branch,Bourbon Branch
Bourbon Steak,Bourbon Steak
Brass Tap,Brass Tap
Brasserie Vietnam,Brasserie Vietnam
Bread Belly,Bread Belly
Breads Bakery,Breads Bakery
Brennan & Carr,Brennan & Carr
Bridie's Grill Room,Bridie's Grill Room
Brindle Room,Brindle Room
Brisket King,Brisket King
Broadway Dive,Broadway Dive
Brookline Lunch,Brookline Lunch
Brooklyn Charm,Brooklyn Charm
Brooklyn Diner,Brooklyn Diner
Brooklyn Dumpling Shop,Brooklyn Dumpling Shop
Brooklyn Kura,Brooklyn Kura
Brown Bag Sandwich Company,Brown Bag Sandwich Company
Brownstone Pancake Factory,Brownstone Pancake Factory
Broye Cafe,Broye Cafe
Bua Thai Ramen & Robata Grill,Bua Thai Ramen & Robata Grill
Bubba Gump Shrimp Co.,Bubba Gump Shrimp Co.
Bubbys,Bubbys
Buffalo Wild Wings,Buffalo Wild Wings
Bun Haus,Bun Haus
Bund Dumpling House,Bund Dumpling House
Bungalow,Bungalow
Bunndone,Bunndone
Bunny Bro Coffee,Bunny Bro Coffee
Buntopia,Buntopia
Burger & Lobster,Burger & Lobster
Burger Boys Bar & Grill,Burger Boys Bar & Grill
Bustronome,Bustronome
Butcher Bar,Butcher Bar
Butter Me Pancakes,Butter Me Pancakes
Butter Smashburgers,Butter Smashburgers
Butterdose Cafe,Butterdose Cafe
Butterfield,Butterfield
Buttonwood,Buttonwood
By Chloe,By Chloe
Cabra,Cabra
Cacio E Pepe,Cacio E Pepe
Cafe 2 By 2,Cafe 2 By 2
Cafe 2by2,Cafe 2by2
Cafe Aroma,Cafe Aroma
Cafe Boulud,Cafe Boulud
Cafe Chelsea,Cafe Chelsea
Cafe Chili,Cafe Chili
Cafe China,Cafe China
Cafe Cluny,Cafe Cluny
Cafe Du Monde,Cafe Du Monde
Cafe Joah,Cafe Joah
Cafe Joy Bellevue,Cafe Joy Bellevue
Cafe Koriko,Cafe Koriko
Cafe Leah,Cafe Leah
Cafe Leondore,Cafe Leondore
Cafe Loca,Cafe Loca
Cafe Loka,Cafe Loka
Cafe Rumi,Cafe Rumi
Caffe Napoli,Caffe Napoli
Caffe Panna,Caffe Panna
Calabrije's Margaritas & Tacos,Calabrije's Margaritas & Tacos
Calbee,Calbee
Calle Dao Chelsea,Calle Dao Chelsea
Cambo Box,Cambo Box
Cappone's Italian Sandwich Shop,Cappone's Italian Sandwich Shop
Caravan Chicken,Caravan Chicken
Carbone,Carbone
Cargill,Cargill
Carlos Deli,Carlos Deli
Carmelina's North End,Carmelina's North End
Carmine's,Carmine's
Carnegie Diner,Carnegie Diner
Carnitas Ramirez,Carnitas Ramirez
Carragher's,Carragher's
Casa Bond,Casa Bond
Casa De Lobo Jc,Casa De Lobo Jc
Casa Donna,Casa Donna
Castle Chicken,Castle Chicken
Catch,Catch
Cathedrale,Cathedrale
Cauldron Chicken,Cauldron Chicken
Caviar Kaspia,Caviar Kaspia
Cecconi's Dumbo,Cecconi's Dumbo
Cellos,Cellos
Cervejaria Ramiro,Cervejaria Ramiro
Cha An,Cha An
Cha An Bonbon,Cha An Bonbon
Chaan Teahouse,Chaan Teahouse
Chalong,Chalong
Chalupas La Comadre,Chalupas La Comadre
Chalupas Pobalanas El Tlecuile,Chalupas Pobalanas El Tlecuile
Chamberlain Coffee,Chamberlain Coffee
Chamenya,Chamenya
Champion Pizza,Champion Pizza
Chao Niu Hotpot,Chao Niu Hotpot
Charcoal Gardenia,Charcoal Gardenia
Charles Pan Fried Chicken,Charles Pan Fried Chicken
Charlie Palmers Steakhouse,Charlie Palmers Steakhouse
Charm Bar & Restaurant,Charm Bar & Restaurant
Charoen Krung,Charoen Krung
Chashni,Chashni
Chashni Chai Co,Chashni Chai Co
Chef Guo,Chef Guo
Chef Papa Vietnamese Kitchen,Chef Papa Vietnamese Kitchen
Cheli,Cheli
Chengdu Noodles,Chengdu Noodles
Cheong Fun Cart,Cheong Fun Cart
Chevys Fresh Mex,Chevys Fresh Mex
Chez Olivia,Chez Olivia
Chi Chinese Restaurant And Bar,Chi Chinese Restaurant And Bar
Chi Restaurant & Bar,Chi Restaurant & Bar
Chicha San Chen,Chicha San Chen
Chick It Out,Chick It Out
Chick Rocks,Chick Rocks
Chick'n Go,Chick'n Go
Chicken Guy,Chicken Guy
Chicken N Fries,Chicken N Fries
Chickitout Astoria,Chickitout Astoria
Chickrocks Inc,Chickrocks Inc
Chicky's,Chicky's
Chikalicious Dessert Bar,Chikalicious Dessert Bar
"Chikalicious Dessert Bar, Otsumami","Chikalicious Dessert Bar, Otsumami"
Chili,Chili
Chimito's,Chimito's
Chinelos Birriatacos,Chinelos Birriatacos
Chip City,Chip City
Chip City Cookies,Chip City Cookies
Chipotle Mexican Grill,Chipotle Mexican Grill
Chirp Peruvian Kitchen,Chirp Peruvian Kitchen
Chivito De Oro,Chivito De Oro
Cho Dang Gol,Cho Dang Gol
Chocho Hot Pot Premium All You Can Eat,Chocho Hot Pot Premium All You Can Eat
Choco Dream,Choco Dream
Chocolate Factory,Chocolate Factory
Chocolate House,Chocolate House
Chocolate On Tap,Chocolate On Tap
Chocolate World,Chocolate World
Chongqing Hot Pot,Chongqing Hot Pot
Chongqing Lao Zao,Chongqing Lao Zao
Chongqing Wharf,Chongqing Wharf
Chrissys Pizza,Chrissys Pizza
Chuck Roast Steaks,Chuck Roast Steaks
Ci Siamo,Ci Siamo
Cipriani,Cipriani
Citizens Of,Citizens Of
Citrico,Citrico
City Tap,City Tap
City Tap Logan,City Tap Logan
City Winery,City Winery
Cka Ka Qellu,Cka Ka Qellu
Class On 38th,Class On 38th
Classic Harbor Line,Classic Harbor Line
Claud,Claud
Claude West Village Bakery,Claude West Village Bakery
Clinton Street Baking Co,Clinton Street Baking Co
Cloud Cups Gelato,Cloud Cups Gelato
Cloudy Donuts,Cloudy Donuts
Club A Steakhouse,Club A Steakhouse
Cobble Fish,Cobble Fish
Coco Hotpot,Coco Hotpot
Color World,Color World
Comfortland,Comfortland
Common Country Bar,Common Country Bar
Commons Chelsea,Commons Chelsea
Concept Coffee,Concept Coffee
Coney Island Crabhouse,Coney Island Crabhouse
Conwell Coffee Hall,Conwell Coffee Hall
Cookies N' Cream,Cookies N' Cream
Cops,Cops
Cordelia,Cordelia
Cornbread,Cornbread
Cosme,Cosme
Costco,Costco
Coyote Crossing,Coyote Crossing
Crab House,Crab House
Crabbae,Crabbae
Craftsman Row Saloon,Craftsman Row Saloon
Crate & Press Juice Bar,Crate & Press Juice Bar
Crave & Co,Crave & Co
Crave Fishbar,Crave Fishbar
Crave Shack,Crave Shack
Cray Taste,Cray Taste
Crazy Pizza,Crazy Pizza
Cream,Cream
Creamline,Creamline
Crepe House,Crepe House
Crepe Mania,Crepe Mania
Crispy Burger,Crispy Burger
Cronin & Phelan,Cronin & Phelan
Crumbl Cookies,Crumbl Cookies
Cuchifritos,Cuchifritos
Cucina Alba,Cucina Alba
Culcha,Culcha
Culture Espresso,Culture Espresso
Cuppa Tea,Cuppa Tea
Curbside,Curbside
Curbside Mexican Grill,Curbside Mexican Grill
Curleys Bagels,Curleys Bagels
Cuts & Slices,Cuts & Slices
Cuzin's Seafood & Clam Bar,Cuzin's Seafood & Clam Bar
Czen,Czen
D&h Noodles,D&h Noodles
D'f Italian Deli,D'f Italian Deli
Da Andrea,Da Andrea
Da Andrea Ristorante,Da Andrea Ristorante
Da Long Yi Hot Pot,Da Long Yi Hot Pot
Da Michele,Da Michele
Da Toscano,Da Toscano
Daesung Korean Noodle,Daesung Korean Noodle
Dagg Thai,Dagg Thai
Dai Hachi Sushi,Dai Hachi Sushi
Daily Provisions,Daily Provisions
Daintree Rooftop & Lounge,Daintree Rooftop & Lounge
Dalo,Dalo
Dangol,Dangol
Daniel,Daniel
Danny & Coop's,Danny & Coop's
Dante,Dante
Daori Bbq,Daori Bbq
Darkalinos,Darkalinos
Daughter Donuts,Daughter Donuts
Dave's Hot Chicken,Dave's Hot Chicken
David's Cookies,David's Cookies
Db Burger,Db Burger
Ddobar,Ddobar
Dduk Dabang,Dduk Dabang
Dear Strangers,Dear Strangers
Deli Boyz,Deli Boyz
Delice Macarons,Delice Macarons
Dellaria Coffee,Dellaria Coffee
Delmonico's,Delmonico's
Deluxe Food Market,Deluxe Food Market
Dengji Noodle,Dengji Noodle
Desi Galli,Desi Galli
Destination Dumplings,Destination Dumplings
Dev's Cakes & Bakes,Dev's Cakes & Bakes
Devocion,Devocion
Dialogue,Dialogue
Dialogue Coffee,Dialogue Coffee
Dickey's Barbecue Pit,Dickey's Barbecue Pit
Difara Pizza,Difara Pizza
Digiorno,Digiorno
Din Tai Fung,Din Tai Fung
Dk Restaurant,Dk Restaurant
Do Not Disturb,Do Not Disturb
Doce De Leite Cafe,Doce De Leite Cafe
Doce Donut Co.,Doce Donut Co.
Docks Off 5th,Docks Off 5th
Dockside Bensalem,Dockside Bensalem
Dogwood,Dogwood
Dogwood Cafe,Dogwood Cafe
Dolly Varden,Dolly Varden
Domenic's Italian Deli & Pasta Shop,Domenic's Italian Deli & Pasta Shop
Dominique Ansel,Dominique Ansel
Dominique Ansel Bakery,Dominique Ansel Bakery
Domodomo,Domodomo
Don Angie,Don Angie
Don Antonio,Don Antonio
Don Chicken,Don Chicken
Don Don,Don Don
Don Neo Fusion,Don Neo Fusion
Don Pancho Villa,Don Pancho Villa
Doner Haus,Doner Haus
Dostoros,Dostoros
Double Chicken Please,Double Chicken Please
Dough Donuts,Dough Donuts
Dough Doughnuts,Dough Doughnuts
Doughnut Plant,Doughnut Plant
Dragonfest,Dragonfest
Drink Coolsips,Drink Coolsips
Drink Palestina,Drink Palestina
Drury Beer Garden,Drury Beer Garden
Duck Donuts,Duck Donuts
Dudleys,Dudleys
Dun Huang,Dun Huang
Dune Boutique Hotel,Dune Boutique Hotel
Dunya Kabab House,Dunya Kabab House
Duo Cafe,Duo Cafe
Dutch Fred's,Dutch Fred's
Dylan's Candy Bar,Dylan's Candy Bar
Earl's Beer & Cheese,Earl's Beer & Cheese
Eat It Astoria,Eat It Astoria
Economy Candy,Economy Candy
Edith's Sandwich Counter,Edith's Sandwich Counter
Edo Sushi Grill,Edo Sushi Grill
Eduardo's Beach Shack,Eduardo's Beach Shack
Egg Shop,Egg Shop
Ej's Luncheonette,Ej's Luncheonette
El Califa De Leon,El Califa De Leon
El Castillo De Jagua,El Castillo De Jagua
El Churro,El Churro
El Jardin,El Jardin
El Lado Taco,El Lado Taco
El Poquito Cantina,El Poquito Cantina
El Punto Cubano,El Punto Cubano
"El Quijote, Cafe Chelsea & Lobby Bar","El Quijote, Cafe Chelsea & Lobby Bar"
El Rio Grande,El Rio Grande
El Sabroso,El Sabroso
El Sazon,El Sazon
El Sazon R.d.,El Sazon R.d.
El Sazon Rd 83,El Sazon Rd 83
El Sobroso,El Sobroso
Elbow Ludlow,Elbow Ludlow
Electric Burrito,Electric Burrito
Elephant Ear,Elephant Ear
Elios,Elios
Elite Williamsburg,Elite Williamsburg
Emmy Squared,Emmy Squared
Empire Steak House East,Empire Steak House East
Epistrophy,Epistrophy
Er Hotpot,Er Hotpot
Erewhon,Erewhon
Ess-a-bagel,Ess-a-bagel
Esse Taco,Esse Taco
Essential By Christophe,Essential By Christophe
Essex,Essex
Estiatorio Milos,Estiatorio Milos
Evil Genius Beer,Evil Genius Beer
Excelsior Cafe,Excelsior Cafe
Faicco's Italian Pork Store,Faicco's Italian Pork Store
Falafel Plant,Falafel Plant
Family Mart,Family Mart
Fan Szechuan,Fan Szechuan
Fandi Mata,Fandi Mata
Farine Bakery & Cafe,Farine Bakery & Cafe
Farine Baking Company,Farine Baking Company
Farm To People (mehreen's Halal Pop-up),Farm To People (mehreen's Halal Pop-up)
Farmhouse Kitchen Thai Cuisine,Farmhouse Kitchen Thai Cuisine
Fat Bird,Fat Bird
Fatboys Vegan Burgers,Fatboys Vegan Burgers
Fatima's Grill,Fatima's Grill
Fauzia's Heavenly Delights,Fauzia's Heavenly Delights
Federal Donuts And Chicken,Federal Donuts And Chicken
Fedoroff's,Fedoroff's
Feline Espresso Bar Cafe,Feline Espresso Bar Cafe
Fellini,Fellini
Fellini Coffee,Fellini Coffee
Fer Restaurant,Fer Restaurant
Fernando's Hideaway,Fernando's Hideaway
Ferrara Bakery,Ferrara Bakery
Fevy's,Fevy's
Fevy's Chicken,Fevy's Chicken
Fiaschetteria Pistoia,Fiaschetteria Pistoia
Field Greens,Field Greens
Fiesta Halal Mexican Grill,Fiesta Halal Mexican Grill
Figaro Cafe,Figaro Cafe
Figure Eight,Figure Eight
File,File
File Gumbo Bar,File Gumbo Bar
Fini Pizza,Fini Pizza
Finjan Cafe,Finjan Cafe
Finley Catering,Finley Catering
First Hand Food,First Hand Food
Fish Cheeks,Fish Cheeks
Fishermen's Net,Fishermen's Net
Five Guys,Five Guys
Flaming Grill,Flaming Grill
Flavia's,Flavia's
Flor De Mayo,Flor De Mayo
Flowers Cafe,Flowers Cafe
Fluffies Hot Chicken,Fluffies Hot Chicken
Fly Me To The Moon,Fly Me To The Moon
Flyfish Club,Flyfish Club
Fob Sushi Bar,Fob Sushi Bar
Fogo De Chao,Fogo De Chao
Fong On,Fong On
Food Gallery 32,Food Gallery 32
Food Street,Food Street
For U,For U
Forest Hills Bagel,Forest Hills Bagel
Forever Thai,Forever Thai
Fork N' Film,Fork N' Film
Forty Carrots,Forty Carrots
Foru,Foru
Fouet Patisserie,Fouet Patisserie
Fouquet's,Fouquet's
Four Charles Prime,Four Charles Prime
Four Monkeys Indian Bistro,Four Monkeys Indian Bistro
Fouta Halal,Fouta Halal
Fox & The Knife,Fox & The Knife
Fragole,Fragole
Frame,Frame
Frankie Eats,Frankie Eats
Fry Toss,Fry Toss
Fu Yuan Kitchen,Fu Yuan Kitchen
Fu Zhou Wei Zhong Wei Jia Xiang Feng Wei,Fu Zhou Wei Zhong Wei Jia Xiang Feng Wei
Fugetsudo,Fugetsudo
Fumo,Fumo
Funny Face Bakery,Funny Face Bakery
Fushimi,Fushimi
Fushimi Market,Fushimi Market
G&a Restaurant,G&a Restaurant
G&r Deli,G&r Deli
Gabriel Kreuther,Gabriel Kreuther
Gahm,Gahm
Gahm By Mokbar,Gahm By Mokbar
Gai Kitchen,Gai Kitchen
Gaia Italian Cafe,Gaia Italian Cafe
Gangnam Bbq & Hot Pot Sushi,Gangnam Bbq & Hot Pot Sushi
Gao's Bbq & Crab,Gao's Bbq & Crab
Gao's Bbq And Crab,Gao's Bbq And Crab
Gao's Crab & Kabob,Gao's Crab & Kabob
Gatcha,Gatcha
Gelato Factory,Gelato Factory
Gelato Voville,Gelato Voville
Gen Korean Bbq House,Gen Korean Bbq House
Genesis House,Genesis House
Genki Omakase,Genki Omakase
George's Deli,George's Deli
George's Restaurant,George's Restaurant
Georgia Diner,Georgia Diner
Giacomo's Pizza And Restaurant,Giacomo's Pizza And Restaurant
Ginzan Donnyc,Ginzan Donnyc
Glace,Glace
Glamorous Grub,Glamorous Grub
Glasserie,Glasserie
Glaze Teriyaki,Glaze Teriyaki
Glur,Glur
Gnocchi,Gnocchi
Gnocchi Gnocchi Gnocchi,Gnocchi Gnocchi Gnocchi
Go-chin Khao Man Gai,Go-chin Khao Man Gai
Goa,Goa
Going Rouge,Going Rouge
Goku Kitchen,Goku Kitchen
Golden Diner,Golden Diner
Golden Steamer,Golden Steamer
Golden Wuish,Golden Wuish
Gong Gan,Gong Gan
Gongo,Gongo
Good Coconut,Good Coconut
Good Guy's,Good Guy's
Gosht,Gosht
Gosuke,Gosuke
Gotham Burger Social Club,Gotham Burger Social Club
Grace Street Coffee,Grace Street Coffee
Gramercy Tavern,Gramercy Tavern
Grand Brasserie,Grand Brasserie
Grand Central Oyster Bar,Grand Central Oyster Bar
Grand St Skewer Cart,Grand St Skewer Cart
Grandma's Home,Grandma's Home
Great Ny Noodletown,Great Ny Noodletown
Greek City,Greek City
Greek From Greece,Greek From Greece
Green Kitchen,Green Kitchen
Green Valley Country Club,Green Valley Country Club
Gregory's Coffee,Gregory's Coffee
Grizzly Coffee,Grizzly Coffee
Groark Boys Bbq,Groark Boys Bbq
Guac Time,Guac Time
Guest House Bistro,Guest House Bistro
Guh Song,Guh Song
Gulp | Jiabun,Gulp | Jiabun
Gunthers Bk,Gunthers Bk
Gurume,Gurume
Gyoza No Fukuho,Gyoza No Fukuho
Gyro World,Gyro World
Gyu Ichiro,Gyu Ichiro
Gyu-ichiro,Gyu-ichiro
Gyukatsu-motomura,Gyukatsu-motomura
H Mart,H Mart
Habiba Truck,Habiba Truck
Haidilao,Haidilao
Hainan Jones,Hainan Jones
Hajji's (blue Sky Deli),Hajji's (blue Sky Deli)
Hakkoku,Hakkoku
Hakubai,Hakubai
Hakumori,Hakumori
Halal Hot Pot,Halal Hot Pot
Halal Top Grill,Halal Top Grill
Halawayet Hala,Halawayet Hala
Hall's Chophouse,Hall's Chophouse
Hamachi Sushi 34,Hamachi Sushi 34
Hamburger America,Hamburger America
Hamide Bakery & Cafe,Hamide Bakery & Cafe
Han Dynasty,Han Dynasty
Hanamizuki Cafe,Hanamizuki Cafe
Handcraft Burgers And Brew,Handcraft Burgers And Brew
Handroll Bar Rolling,Handroll Bar Rolling
Handshake Bar,Handshake Bar
Hanis Bakery,Hanis Bakery
Hanky Panky,Hanky Panky
Happier Grocery,Happier Grocery
Happy Lambo,Happy Lambo
Happy Tuna,Happy Tuna
Haraz Coffee House,Haraz Coffee House
Harbs Soho,Harbs Soho
Harlem Shake,Harlem Shake
Harold's New York Deli Restaurant,Harold's New York Deli Restaurant
Harper's Bread House,Harper's Bread House
Harvest Inn,Harvest Inn
Hashi Market,Hashi Market
Haswell Green's,Haswell Green's
Hawkers,Hawkers
Hawksmoor,Hawksmoor
Heavyweights Cheesesteaks,Heavyweights Cheesesteaks
Hell's Kitchen,Hell's Kitchen
Hello Kitty Cafe Truck,Hello Kitty Cafe Truck
"Hello, Yam!","Hello, Yam!"
Henrietta's Table,Henrietta's Table
Herbal Dispense,Herbal Dispense
Hero Thai And Japanese,Hero Thai And Japanese
Hey Tea,Hey Tea
Hey Yogurt,Hey Yogurt
Heytea Lab,Heytea Lab
Hi-collar,Hi-collar
Hibachi Omakase,Hibachi Omakase
Hidden Grounds Coffee,Hidden Grounds Coffee
Hide Restaurant,Hide Restaurant
Hill Country Bbq,Hill Country Bbq
Hills Kitchen,Hills Kitchen
Hills Of Herat,Hills Of Herat
Hillstone Park Avenue,Hillstone Park Avenue
Hillstone Restaurants,Hillstone Restaurants
Himawari,Himawari
Hipcity Veg,Hipcity Veg
Hiyake Yakiniku,Hiyake Yakiniku
Hojokban,Hojokban
Holiday Bar,Holiday Bar
Hometown Hot Pot & Bbq,Hometown Hot Pot & Bbq
Honey Fitz Bar,Honey Fitz Bar
Honeycomb,Honeycomb
Honeycomb Creamery,Honeycomb Creamery
Honeymoon Coffee Shop,Honeymoon Coffee Shop
Honzen,Honzen
Hop Kee,Hop Kee
Hortus Nyc,Hortus Nyc
House Of Prime Rib,House Of Prime Rib
House Of The Red Pearl,House Of The Red Pearl
Hudson Square,Hudson Square
Hummus Place,Hummus Place
Hunan Slurp,Hunan Slurp
Hupo,Hupo
Hutong,Hutong
Huuma,Huuma
Hyderabadi Zaiqa,Hyderabadi Zaiqa
Hyotei,Hyotei
Hyun,Hyun
I'm Donut,I'm Donut
Ibn Hamido Seafood,Ibn Hamido Seafood
Ichiran,Ichiran
Ihwan,Ihwan
Ikigai,Ikigai
Imasa Nori,Imasa Nori
Imm Thai,Imm Thai
In N Out,In N Out
In-n-out,In-n-out
Inca Chicken,Inca Chicken
Indomie,Indomie
Inter,Inter
International Wings Factory,International Wings Factory
Ipanema Restaurant,Ipanema Restaurant
Ippuku&matcha,Ippuku&matcha
Iris Restaurant,Iris Restaurant
Isarn Kitchen,Isarn Kitchen
Ishq,Ishq
It Show,It Show
Izakaya Mew,Izakaya Mew
Izakaya Nana,Izakaya Nana
Izakaya Sushi & Lounge,Izakaya Sushi & Lounge
Jack & Charlies 118,Jack & Charlies 118
Jack And Charlie's 118,Jack And Charlie's 118
Jack Sprat Park Cafe,Jack Sprat Park Cafe
Jack's Dining Room,Jack's Dining Room
Jack's Wife Freda,Jack's Wife Freda
Jackson Hole,Jackson Hole
Jacob's Pickles,Jacob's Pickles
Jacx & Co,Jacx & Co
Jacx&co,Jacx&co
Jagielky's Homemade Candy,Jagielky's Homemade Candy
Jalapenos Mexican Grill,Jalapenos Mexican Grill
Jamrock Jerk,Jamrock Jerk
Jams,Jams
Janie Bakes,Janie Bakes
Janie's Life-changing Baked Goods,Janie's Life-changing Baked Goods
Japan Fes,Japan Fes
Japan Village,Japan Village
Javier's,Javier's
Jeju Miffy,Jeju Miffy
Jeni's Splended Ice Creams,Jeni's Splended Ice Creams
Jerk Fry City,Jerk Fry City
Jerrell's Betr Brgr,Jerrell's Betr Brgr
Jersey Halal Spots,Jersey Halal Spots
Ji Bei Chuan Authentic Asian Noodles,Ji Bei Chuan Authentic Asian Noodles
Jiang Nan,Jiang Nan
Jiang's Kitchen,Jiang's Kitchen
Jin Mei,Jin Mei
Jin Mei Dumplings,Jin Mei Dumplings
Jin's Sushi,Jin's Sushi
Jing Li,Jing Li
Jinya Ramen,Jinya Ramen
Jitters,Jitters
Joe's Steam Rice Roll,Joe's Steam Rice Roll
Joe's Stone Crab,Joe's Stone Crab
Joey Rosa's,Joey Rosa's
John Doe,John Doe
John's Deli,John's Deli
John's Pizza,John's Pizza
Johnnie's Charcoal Broiler,Johnnie's Charcoal Broiler
Johnny Seesaw's,Johnny Seesaw's
Jolene,Jolene
Jonny's Pizza,Jonny's Pizza
Jordan Lobster Farms,Jordan Lobster Farms
Ju-ichi Morristown,Ju-ichi Morristown
Jua,Jua
Jubilee Market,Jubilee Market
Juice Eternity,Juice Eternity
Juice Time,Juice Time
Jules,Jules
Julietta Gelato Cafe,Julietta Gelato Cafe
Junsui,Junsui
Junteuchi Men To Mirai,Junteuchi Men To Mirai
Jurin Sushi,Jurin Sushi
Jurin Sushi Nyc,Jurin Sushi Nyc
K-bap & Wings,K-bap & Wings
Kababish,Kababish
Kabayan,Kabayan
Kaew Jao Jorm,Kaew Jao Jorm
Kafen Coffee,Kafen Coffee
Kaikagetsu,Kaikagetsu
Kaiten Zushi,Kaiten Zushi
Kaizen,Kaizen
Kajiken,Kajiken
Kajiken Ramen,Kajiken Ramen
Kaki Omakase,Kaki Omakase
Kalahari,Kalahari
Kalye Bistro,Kalye Bistro
Kam Po,Kam Po
Kamado Yaki Nikuyorozu,Kamado Yaki Nikuyorozu
Kame,Kame
Kancil,Kancil
Kani Doraku,Kani Doraku
Kanoyama,Kanoyama
Kanoyama Restaurant,Kanoyama Restaurant
Kansas City Steaks,Kansas City Steaks
Kanyakumari,Kanyakumari
Kappo Sono,Kappo Sono
Karachi Kabab Boiz,Karachi Kabab Boiz
Karden,Karden
Katz's Deli,Katz's Deli
Kawabun,Kawabun
Kawabun Nyc,Kawabun Nyc
Kawachiya By Kawabun,Kawachiya By Kawabun
Kazunori,Kazunori
Keen's Steakhouse,Keen's Steakhouse
Kei Nyc,Kei Nyc
Keller's Drive-in,Keller's Drive-in
Kellogg's Diner,Kellogg's Diner
Keste,Keste
Keste Pizza & Vino,Keste Pizza & Vino
Ketchy Shuby,Ketchy Shuby
Kettl,Kettl
Khao San,Khao San
Khyber Coffee & Tea House,Khyber Coffee & Tea House
Kid,Kid
Kijitora,Kijitora
Kimomi Pet,Kimomi Pet
Kimura,Kimura
Kin Gin,Kin Gin
Kin Len Thai,Kin Len Thai
Kin Ramen,Kin Ramen
Kinfolk,Kinfolk
King Souvlaki,King Souvlaki
Kings Of Kobe,Kings Of Kobe
Kings Of Kobe - Wagyu Kitchen & Bar,Kings Of Kobe - Wagyu Kitchen & Bar
Kinjo,Kinjo
Kintaro,Kintaro
Kinzan Omakase,Kinzan Omakase
Kirin House,Kirin House
Kissaki,Kissaki
Kitchen At Cobble Hill,Kitchen At Cobble Hill
Kith Treats,Kith Treats
Kitsby,Kitsby
Kiwami,Kiwami
Ko Smash Burger,Ko Smash Burger
Koburger,Koburger
Kochi,Kochi
Koi Omakase And Bar,Koi Omakase And Bar
Kokoro's Cat Cafe,Kokoro's Cat Cafe
Kolachi,Kolachi
Kolachi Rolls,Kolachi Rolls
Koloman,Koloman
Konban,Konban
Kook Burger,Kook Burger
Kook Burger And Bar,Kook Burger And Bar
Kook Burger Bar,Kook Burger Bar
Kook Burger Bar Philly,Kook Burger Bar Philly
Kotobuki,Kotobuki
Koyo,Koyo
Kraam,Kraam
Kraftwork Bar,Kraftwork Bar
Kraken Senbei,Kraken Senbei
Krave It,Krave It
Krispy Kreme,Krispy Kreme
Kubeh,Kubeh
Kuku Chicken,Kuku Chicken
Kulture,Kulture
Kun Tsuki Omakase Xtra,Kun Tsuki Omakase Xtra
Kung Fu Kitchen,Kung Fu Kitchen
Kung Fu Tea,Kung Fu Tea
Kura Revolving Sushi Bar,Kura Revolving Sushi Bar
Kusaka Curry,Kusaka Curry
Kyan Cafe,Kyan Cafe
Kyma,Kyma
Kyu,Kyu
Kyuramen,Kyuramen
Kyuubi Omakase,Kyuubi Omakase
L&b Spumoni Gardens,L&b Spumoni Gardens
L&l Hawaiian Barbecue,L&l Hawaiian Barbecue
L'abeille,L'abeille
L'adresse Nomad,L'adresse Nomad
L'americana,L'americana
L'amico,L'amico
L'antica Pizzeria Da Michele,L'antica Pizzeria Da Michele
L'appartement 4f,L'appartement 4f
L'archetto,L'archetto
L'artusi,L'artusi
L'atelier De Joel Robuchon,L'atelier De Joel Robuchon
L'avenue,L'avenue
L'incontro By Rocco,L'incontro By Rocco
L'industrie,L'industrie
La Bergamote,La Bergamote
La Bobonniere,La Bobonniere
La Cabra Bakery,La Cabra Bakery
La Catrachita,La Catrachita
La Churreria,La Churreria
La Conde,La Conde
La Grande Boucherie,La Grande Boucherie
La Isla,La Isla
La La Bakeshop,La La Bakeshop
La La Land Kind Cafe,La La Land Kind Cafe
La Onda Lounge Cafe,La Onda Lounge Cafe
La Petite Joie,La Petite Joie
La Royal,La Royal
La Sagrada Familia,La Sagrada Familia
La Scala,La Scala
La Tete D'or By Daniel,La Tete D'or By Daniel
La Vie,La Vie
La Vie De Cassatt,La Vie De Cassatt
Labebe Prime,Labebe Prime
Label Gique Gourmande,Label Gique Gourmande
Labyrinth,Labyrinth
Lady Blue,Lady Blue
Lady M,Lady M
Lady M Cake,Lady M Cake
Lady M Confections,Lady M Confections
Lady Wong,Lady Wong
Lady Wong Pastry,Lady Wong Pastry
Lafayette Bakery,Lafayette Bakery
Lafayette Grand Cafe & Bakery,Lafayette Grand Cafe & Bakery
Laghman Express,Laghman Express
Lagos,Lagos
Lahore Restaurant,Lahore Restaurant
Lakon Paris Patisserie,Lakon Paris Patisserie
Lalys Restaurant,Lalys Restaurant
Land To Sea,Land To Sea
Landry's Seafood House,Landry's Seafood House
Lantern,Lantern
Lao Chengdu,Lao Chengdu
Laojie Hotpot,Laojie Hotpot
Laoshen Hotpot,Laoshen Hotpot
Larsen's Steakhouse,Larsen's Steakhouse
Laser Wolf,Laser Wolf
Laurel Hardware,Laurel Hardware
Laurent Tourondel,Laurent Tourondel
Lava Rock Kitchen,Lava Rock Kitchen
Lawry's Prime Rib,Lawry's Prime Rib
Laxe'n Bagel,Laxe'n Bagel
Layers Bakeshop,Layers Bakeshop
Layers Bakeshop Astoria,Layers Bakeshop Astoria
Layla,Layla
Le Bernardin,Le Bernardin
Le Gratin,Le Gratin
Le Jardin Bistro,Le Jardin Bistro
Le Jardinier,Le Jardinier
Le Malt Imperiale,Le Malt Imperiale
Le Monde,Le Monde
Le Pavillon,Le Pavillon
Le Relais Venise,Le Relais Venise
Le Rivage,Le Rivage
Le Salon Cocktail Bar,Le Salon Cocktail Bar
Lee Loy Bbq Meat,Lee Loy Bbq Meat
Lee's Tavern Pizza,Lee's Tavern Pizza
Left Bank Burger Bar,Left Bank Burger Bar
Legasea Bar & Grill,Legasea Bar & Grill
Legend Chicken,Legend Chicken
Lelabar,Lelabar
Lemomo,Lemomo
Lemongrass Grill,Lemongrass Grill
Leons Bagels,Leons Bagels
Levain Bakery,Levain Bakery
Levain's,Levain's
Libertee Grounds,Libertee Grounds
Librae Bakery,Librae Bakery
Licoreria Limantour,Licoreria Limantour
Lighthouse,Lighthouse
Lil Sweet Treat,Lil Sweet Treat
Lillie's Victorian Establishment,Lillie's Victorian Establishment
Lily Bloom,Lily Bloom
Limani,Limani
Lincoln Ristorante,Lincoln Ristorante
Ling's Sweet Mini Cakes,Ling's Sweet Mini Cakes
Lingo,Lingo
Little Alley,Little Alley
Little Flower,Little Flower
Little Kirin,Little Kirin
Little Maven,Little Maven
Little Sips Cafe,Little Sips Cafe
Little Spain,Little Spain
Liu Mama Fantuan,Liu Mama Fantuan
Liuyishou Hotpot,Liuyishou Hotpot
Llewellyn Parq,Llewellyn Parq
Loch Bar,Loch Bar
Longevity Soup,Longevity Soup
Loong Noodles,Loong Noodles
Lords,Lords
Loreley,Loreley
Los Gallos,Los Gallos
Los Gallos Philly,Los Gallos Philly
Los Tacos No.1,Los Tacos No.1
Lost In Paradise Rooftop & Lounge,Lost In Paradise Rooftop & Lounge
Lost Spirits,Lost Spirits
Lotte New York Palace,Lotte New York Palace
Lotus Of Siam,Lotus Of Siam
Louis Lunch,Louis Lunch
Louis Vuitton Cafe,Louis Vuitton Cafe
Loulou,Loulou
Love Korean Bbq,Love Korean Bbq
Love Me Sweet Bakery,Love Me Sweet Bakery
Love's Kitchen,Love's Kitchen
Loyd's Carrot Cake,Loyd's Carrot Cake
Lucia Pizza,Lucia Pizza
Lucien,Lucien
Lucky's Famous Burgers,Lucky's Famous Burgers
Ludas Dumplings,Ludas Dumplings
Luffs Fish House,Luffs Fish House
Luigi's Pizza Park Slope,Luigi's Pizza Park Slope
Lunar,Lunar
Luogong Grilled Skewer,Luogong Grilled Skewer
Lure Fishbar,Lure Fishbar
Luscious Dumplings,Luscious Dumplings
Luxury Donuts,Luxury Donuts
Lysee,Lysee
M&o Market & Deli,M&o Market & Deli
M&os,M&os
Ma De,Ma De
Macari Vineyards,Macari Vineyards
Machi Machi,Machi Machi
Machos Delish Mix,Machos Delish Mix
Mad Batter New York,Mad Batter New York
Mad For Chicken,Mad For Chicken
Madera Cuban Grill,Madera Cuban Grill
Madre,Madre
Magic Hour,Magic Hour
Magic Hour Rooftop,Magic Hour Rooftop
Magic Hour Surf Club,Magic Hour Surf Club
Magnolia Bakery,Magnolia Bakery
Mah-ze-dahr Bakery,Mah-ze-dahr Bakery
Maiko Matcha,Maiko Matcha
Maison Barnes,Maison Barnes
Maison Pickle,Maison Pickle
Maison Sun,Maison Sun
Majesty's Pleasure,Majesty's Pleasure
Major Food Group,Major Food Group
Majorelle,Majorelle
Maki A Mano,Maki A Mano
Maki Kosaka,Maki Kosaka
Makiin,Makiin
Makiko Osaka,Makiko Osaka
Makimaki Sushi,Makimaki Sushi
Mala Hot Pot,Mala Hot Pot
Mala Project,Mala Project
Malala Chinese,Malala Chinese
Malecon Restaurant,Malecon Restaurant
Malibu Farm,Malibu Farm
Malii Gramercy,Malii Gramercy
Mama Coco Taqueria,Mama Coco Taqueria
Mama's Too,Mama's Too
Maman,Maman
Mamazul,Mamazul
Mambi,Mambi
Manco And Manco,Manco And Manco
Mando Halal,Mando Halal
Mango Mango Artisan Lab,Mango Mango Artisan Lab
Mansaf King,Mansaf King
Mao's Bao,Mao's Bao
Marco's World,Marco's World
Marea,Marea
Mareluna,Mareluna
Margon,Margon
Margon Restaurant,Margon Restaurant
Mari,Mari
Mari Vanna,Mari Vanna
Mariachi Mexican Restaurant,Mariachi Mexican Restaurant
Mariebelle's Cacao Bar,Mariebelle's Cacao Bar
Marine,Marine
Mark's Off Madison,Mark's Off Madison
Market 57,Market 57
Market Table,Market Table
Marlton Hotel,Marlton Hotel
Marrakech Restaurant,Marrakech Restaurant
Marseille,Marseille
Martiny's,Martiny's
Marufuku Ramen,Marufuku Ramen
Maruichi,Maruichi
Marumi,Marumi
Masaaki,Masaaki
Mashed Burgers,Mashed Burgers
Master Panda,Master Panda
Matari Coffee,Matari Coffee
Matari Coffee Co,Matari Coffee Co
Matcha Cafe Maiko,Matcha Cafe Maiko
Matcha Kari,Matcha Kari
Matcha Maiko,Matcha Maiko
Matcha N' More,Matcha N' More
Matchaful,Matchaful
Matsunori,Matsunori
Matsunori Sushi Club,Matsunori Sushi Club
Matto,Matto
Mauka Indian Cuisine,Mauka Indian Cuisine
Maxin Bakery,Maxin Bakery
May Wah,May Wah
May Wah Fast Food,May Wah Fast Food
Mayahuel,Mayahuel
Mayo Burger,Mayo Burger
Mcdonald's,Mcdonald's
Mcgillians Olde Ale House,Mcgillians Olde Ale House
Mcsorley's Old Ale House,Mcsorley's Old Ale House
Md Fried Chicken,Md Fried Chicken
Me Chicken Rice,Me Chicken Rice
Meadow Dessert,Meadow Dessert
Meat Moot,Meat Moot
Medium Rare,Medium Rare
Medusa Brooklyn,Medusa Brooklyn
Meet Hotpot,Meet Hotpot
Mei Lai Wah,Mei Lai Wah
Mei Lai Wah Coffee Shop,Mei Lai Wah Coffee Shop
Mel's,Mel's
Melt Shop,Melt Shop
Mercer Labs,Mercer Labs
Merguez And Frites,Merguez And Frites
Metropolis By Marcus,Metropolis By Marcus
Meximodo,Meximodo
Mi Espeguita,Mi Espeguita
Midwood Flats,Midwood Flats
Mikado,Mikado
Mikiya Wagyu Shabu House,Mikiya Wagyu Shabu House
Mil Toast House,Mil Toast House
Milano Market,Milano Market
Milk Bar,Milk Bar
Milos Wine Bar,Milos Wine Bar
Milu,Milu
Mimisa,Mimisa
Minetta Tavern,Minetta Tavern
Miomio,Miomio
Misc,Misc
Mishik,Mishik
Miss Crispy Rice,Miss Crispy Rice
Miss Nellie's,Miss Nellie's
Mission Nightclub,Mission Nightclub
Mister Dips,Mister Dips
Miti Miti,Miti Miti
Mito Asian Fusion,Mito Asian Fusion
Mitsuwa Marketplace,Mitsuwa Marketplace
Miyomacchi Sweets,Miyomacchi Sweets
Mochimochi Donut,Mochimochi Donut
Mochinut,Mochinut
Mod,Mod
Mod Dessert,Mod Dessert
Moe's Dough's Donut Shop,Moe's Dough's Donut Shop
Moe's Doughs,Moe's Doughs
Moes,Moes
Mojo,Mojo
Mojo Matcha,Mojo Matcha
Moka & Co,Moka & Co
Mokafe,Mokafe
Moko,Moko
Moko Omakase,Moko Omakase
Moli Restaurant,Moli Restaurant
Momo Crave,Momo Crave
Momofuku Noodle Bar,Momofuku Noodle Bar
Momokawa,Momokawa
Momoya,Momoya
Monkey Bread,Monkey Bread
Monkey Thief Bar,Monkey Thief Bar
Monsieur Bistro,Monsieur Bistro
Monte Carlo,Monte Carlo
Moody Tongue Sushi,Moody Tongue Sushi
Moono,Moono
Moonshine Modern Supper Club,Moonshine Modern Supper Club
Morgenstern's,Morgenstern's
Morton's The Steakhouse,Morton's The Steakhouse
Moru Maki,Moru Maki
Moshi,Moshi
Motel Morris,Motel Morris
Motel No Tell,Motel No Tell
Motz Burger,Motz Burger
Mr. Softee Truck,Mr. Softee Truck
Mumbai Dreams,Mumbai Dreams
Muna,Muna
Museum Of Ice Cream,Museum Of Ice Cream
Musuko,Musuko
My Teriyaki,My Teriyaki
Myori,Myori
Myrtle Thai,Myrtle Thai
Mysttik Masaala,Mysttik Masaala
Na Rath,Na Rath
Na Tart,Na Tart
Nacho Bae,Nacho Bae
Nagomi Kenmore,Nagomi Kenmore
Nai,Nai
Nai Tapas,Nai Tapas
Namdaemun Market,Namdaemun Market
Nami Nori,Nami Nori
Namkeen,Namkeen
Nan Noodles,Nan Noodles
Nan Xiang Express,Nan Xiang Express
Nan Xiang Soup Dumplings,Nan Xiang Soup Dumplings
Nana's Eats,Nana's Eats
Nana's Green Tea,Nana's Green Tea
Nanshan Hotpot,Nanshan Hotpot
Nanshan Hotpot - Bayside,Nanshan Hotpot - Bayside
Nat's On Bank,Nat's On Bank
Nazli & Co.,Nazli & Co.
Neat Burger,Neat Burger
Nemesis,Nemesis
Nepali Bhanchha Ghar,Nepali Bhanchha Ghar
Neptune Diner,Neptune Diner
Neta Shari,Neta Shari
New Chinatown Restaurant,New Chinatown Restaurant
New Wonjo Restaurant,New Wonjo Restaurant
New York Burger Co.,New York Burger Co.
Newsroom,Newsroom
Nice Day Chinese,Nice Day Chinese
Nihonbashi Tonkatsu Hajime,Nihonbashi Tonkatsu Hajime
Ninos Aq,Ninos Aq
Nippon Cha,Nippon Cha
Nisi Estiatorio,Nisi Estiatorio
Nizuc,Nizuc
Noaa Cafe,Noaa Cafe
Nobi Sushi,Nobi Sushi
Noble Fresh Cart,Noble Fresh Cart
Noi Thai Cuisine,Noi Thai Cuisine
Nom Wah,Nom Wah
Nomad Tea Parlour,Nomad Tea Parlour
Nomo Kitchen,Nomo Kitchen
Nongshim,Nongshim
Nonna Beppa,Nonna Beppa
Noodletown,Noodletown
Noona's Ice Cream,Noona's Ice Cream
North Shore Big Beef,North Shore Big Beef
Not As Bitter,Not As Bitter
Notable Astoria,Notable Astoria
Nourish Thai,Nourish Thai
Nozomi,Nozomi
Nr Lobster Co,Nr Lobster Co
Nubeluz,Nubeluz
Nudibranch,Nudibranch
Nuovo York Pizza,Nuovo York Pizza
Nur Thai,Nur Thai
Ny Beer Garden,Ny Beer Garden
Ny Go Go Fast Food,Ny Go Go Fast Food
O2k-bbq,O2k-bbq
Oakberry,Oakberry
Oaxaca Guerros,Oaxaca Guerros
Obao,Obao
Obentoyasan,Obentoyasan
Ocean Of Clouds,Ocean Of Clouds
Ocean Prime,Ocean Prime
Octo,Octo
Odre,Odre
Og Papafern,Og Papafern
Oh! Calcutta,Oh! Calcutta
Oh! Dahon Sushi And Salad,Oh! Dahon Sushi And Salad
Oi Man Sang,Oi Man Sang
Oiji Mi,Oiji Mi
Oiji Mi Korean Restaurant,Oiji Mi Korean Restaurant
Okashi Gaku,Okashi Gaku
Okatte Tanto,Okatte Tanto
Okdongsik,Okdongsik
Okiboru House Of Tsukemen,Okiboru House Of Tsukemen
Okiboru House Of Udon,Okiboru House Of Udon
Ol'days,Ol'days
Old School Soda Shop,Old School Soda Shop
Old Sport Noodle,Old Sport Noodle
Ole & Steen,Ole & Steen
Olio E Piu,Olio E Piu
Olivier Bistro,Olivier Bistro
Olle,Olle
Omakase Sushifan,Omakase Sushifan
Omar's Kitchen,Omar's Kitchen
Omar's Mediterranean Cuisine,Omar's Mediterranean Cuisine
Omusubi Gonbei,Omusubi Gonbei
Oncheon,Oncheon
Ong Lam Bistro,Ong Lam Bistro
Only Love Strangers,Only Love Strangers
Ooink,Ooink
Orchard Strawberries,Orchard Strawberries
Origin French Thai,Origin French Thai
Osaka Sushi,Osaka Sushi
Osakana,Osakana
Oshi Seafood,Oshi Seafood
Osteria Brooklyn,Osteria Brooklyn
Ottomanelli's,Ottomanelli's
Ouji,Ouji
Ovelia Psistaria,Ovelia Psistaria
Owl Bar,Owl Bar
Oxomoco,Oxomoco
Ozakaya,Ozakaya
Pacific Dream Seafoods,Pacific Dream Seafoods
Padi D'nyc,Padi D'nyc
Padoca Bakery,Padoca Bakery
Paimen Miyake,Paimen Miyake
Paladar Latin Kitchen,Paladar Latin Kitchen
Palermo Restaurant & Bar,Palermo Restaurant & Bar
Palestinian Coffee Company,Palestinian Coffee Company
Palma,Palma
Paloma Coffee & Bakery,Paloma Coffee & Bakery
Palpal,Palpal
Pan Bao 66,Pan Bao 66
Panbao,Panbao
Panbao66,Panbao66
Panda Express,Panda Express
Panda Harlem,Panda Harlem
Panela,Panela
Panera Bread,Panera Bread
Papa Banh Bao,Papa Banh Bao
Papa San,Papa San
Papas The Greek,Papas The Greek
Papaya King,Papaya King
Paper Plate,Paper Plate
Papermill,Papermill
Papi Steak,Papi Steak
Pappadeaux Seafood Kitchen,Pappadeaux Seafood Kitchen
Pappas,Pappas
Pappas New York,Pappas New York
Pappas Taverna,Pappas Taverna
Pardon My Sub,Pardon My Sub
Paris Cafe,Paris Cafe
Paris Oven,Paris Oven
Parish Po'boys,Parish Po'boys
Park And Arbor,Park And Arbor
Parla Pizza,Parla Pizza
Parm,Parm
Paskong Pinoy,Paskong Pinoy
Pasta Depasta,Pasta Depasta
Pasta Lovers Trattoria,Pasta Lovers Trattoria
Pastrami Queen,Pastrami Queen
Pat Cooper's,Pat Cooper's
Patacon Pisao,Patacon Pisao
Patisserie Fouet,Patisserie Fouet
Patrizia's,Patrizia's
Patsy's Italian Restaurant,Patsy's Italian Restaurant
Pattanian Thai,Pattanian Thai
Paulie Gee's Slice Shop,Paulie Gee's Slice Shop
Peak Restaurant & Bar,Peak Restaurant & Bar
Pearland The Beast,Pearland The Beast
Pecking House,Pecking House
Peking Bbq,Peking Bbq
Peking Duck,Peking Duck
Peking Duck House,Peking Duck House
Peking Pavilion,Peking Pavilion
Pelicana Chicken,Pelicana Chicken
Peppercorn Station,Peppercorn Station
Pepperpot Restaurant,Pepperpot Restaurant
Pergola,Pergola
Perry's,Perry's
Peter Luger,Peter Luger
Peter Luger Steak House,Peter Luger Steak House
Petit Chou,Petit Chou
Petterino's,Petterino's
Pf Chang's,Pf Chang's
Phd Terrace,Phd Terrace
Pho 10 Ly Quoc Su,Pho 10 Ly Quoc Su
Pho Hoang,Pho Hoang
Pho Saigon,Pho Saigon
Pi Bakerie,Pi Bakerie
Piacere,Piacere
Picciotto Ny,Picciotto Ny
Piccola Cucina,Piccola Cucina
Pie & Tart Specialists,Pie & Tart Specialists
Pie In The Shop,Pie In The Shop
Pies R Us,Pies R Us
Pietro's Pizzeria East Meadow,Pietro's Pizzeria East Meadow
Pig Beach,Pig Beach
Pig Beach Queens,Pig Beach Queens
Piggyback,Piggyback
Pila De Boba,Pila De Boba
Pink Pier,Pink Pier
Pink Pistachio,Pink Pistachio
Pink Taco,Pink Taco
Pinkerton's Bbq,Pinkerton's Bbq
Pino's Pizza Deer Park,Pino's Pizza Deer Park
Pita Pan Gyros,Pita Pan Gyros
Pizza Loves Sauce,Pizza Loves Sauce
Pizza X,Pizza X
Pj Clarke's,Pj Clarke's
Plank Seafood Provisions,Plank Seafood Provisions
Planta,Planta
Playa Bowls,Playa Bowls
Plucky Station,Plucky Station
Pochana,Pochana
Pokeworks,Pokeworks
Pop Up Grocer,Pop Up Grocer
Popchew,Popchew
Popsmith,Popsmith
Popup Bagels,Popup Bagels
Port Sa'id,Port Sa'id
Porta 23,Porta 23
Porto Rico Coffee,Porto Rico Coffee
Postcard Bakery,Postcard Bakery
Potala Fresh Food,Potala Fresh Food
Potluck Club,Potluck Club
Prada Cafe,Prada Cafe
Prestige Catering,Prestige Catering
Prime Meat Rokko,Prime Meat Rokko
Prime Met Steakhouse,Prime Met Steakhouse
Prime Rib House,Prime Rib House
Prince Street Pizza,Prince Street Pizza
Prince Taqueria,Prince Taqueria
Prince Tea House,Prince Tea House
Pring,Pring
Prospect Park,Prospect Park
Proxi,Proxi
Psaraki,Psaraki
Puck Perfection,Puck Perfection
Punk Burger,Punk Burger
Pure Eats,Pure Eats
Puttery,Puttery
Qahwah House,Qahwah House
Qahwah Valley,Qahwah Valley
Qq Cafe,Qq Cafe
Quality Bistro,Quality Bistro
Quality Italian,Quality Italian
Queens Night Market,Queens Night Market
Queensyard,Queensyard
R40,R40
Rabbit Hole,Rabbit Hole
Radio Bakery,Radio Bakery
Raices Colombianas,Raices Colombianas
Rainbow Bakery,Rainbow Bakery
Raising Cane's Chicken Fingers,Raising Cane's Chicken Fingers
Ralph's Famous,Ralph's Famous
Randazzo's Clam Bar,Randazzo's Clam Bar
Ravagh Persian Grill,Ravagh Persian Grill
Rayaki,Rayaki
Realmuto Alta Pasticceria,Realmuto Alta Pasticceria
Red Chilli,Red Chilli
Red Feather,Red Feather
Red Gate Bakery,Red Gate Bakery
Red Pavilion,Red Pavilion
Red Sorghum,Red Sorghum
Red's Eats,Red's Eats
Redeye Grill,Redeye Grill
Regina's Deli,Regina's Deli
Renee's,Renee's
Renees Kitchenette,Renees Kitchenette
Restaurant Le B.,Restaurant Le B.
Restaurant Nippon,Restaurant Nippon
Restaurant Sea: South East Asia,Restaurant Sea: South East Asia
Restaurante Rosetta,Restaurante Rosetta
Reyna,Reyna
Reyna Restaurant,Reyna Restaurant
Rhythm Zero,Rhythm Zero
Rib King,Rib King
Rib No. 7,Rib No. 7
Rice Thief,Rice Thief
Rigor Hill Market,Rigor Hill Market
Rio Bonito Grill,Rio Bonito Grill
Rizzo's,Rizzo's
Roam Cafe & Dessert Gallery,Roam Cafe & Dessert Gallery
Roam Dessert Bar & Gallery,Roam Dessert Bar & Gallery
Roberta's,Roberta's
Rocco's Delicatessen,Rocco's Delicatessen
Roebling Sporting Club,Roebling Sporting Club
Rokstar Chicken,Rokstar Chicken
Rolo's,Rolo's
Rooftop At Exchange Place,Rooftop At Exchange Place
Room 148,Room 148
Rooted,Rooted
Ros Niyom Thai Restaurant,Ros Niyom Thai Restaurant
Rosella Sushi,Rosella Sushi
Rosevale,Rosevale
Rossys Bakery,Rossys Bakery
Rou Jia Mo,Rou Jia Mo
Round K By Sol,Round K By Sol
Rowhome Coffee,Rowhome Coffee
Royal Coffee,Royal Coffee
Rpm Raceway,Rpm Raceway
Rubirosa,Rubirosa
Rubirosa Pizza,Rubirosa Pizza
Ruby's Cafe,Ruby's Cafe
Rule Of Thirds,Rule Of Thirds
Ruta Oaxaca Mexican Cuisine,Ruta Oaxaca Mexican Cuisine
Rutt's Hut,Rutt's Hut
Rynn,Rynn
Rynn Thai,Rynn Thai
S Meat Hueso,S Meat Hueso
S Wan Cafe,S Wan Cafe
S&p,S&p
Sa Rit Gol,Sa Rit Gol
Sabai Thai,Sabai Thai
Sabor Azteca,Sabor Azteca
Sabor Unido,Sabor Unido
Sac's Place,Sac's Place
Sadelle's,Sadelle's
Sae Ron,Sae Ron
Safari,Safari
Saffron,Saffron
Saffron Indian Restaurant,Saffron Indian Restaurant
Saffron Red Bank,Saffron Red Bank
Saggio,Saggio
Sahola Coffee,Sahola Coffee
Saigon Drip Cafe,Saigon Drip Cafe
Sainsbury's,Sainsbury's
Saint Bread,Saint Bread
Saint Lounge,Saint Lounge
Saishin,Saishin
Saito,Saito
Saitong Thai,Saitong Thai
Sake No Hana,Sake No Hana
Sakura Ya,Sakura Ya
Salaam Cola,Salaam Cola
Salatai,Salatai
Sally's Pizza,Sally's Pizza
Salswee,Salswee
Salt + Charcoal,Salt + Charcoal
Salt Patisserie,Salt Patisserie
Salt Seafood & Oyster,Salt Seafood & Oyster
Sam Sunny,Sam Sunny
Samwoojung,Samwoojung
San Carlo,San Carlo
Sangennaro,Sangennaro
Santi,Santi
Santouka Ramen,Santouka Ramen
Sanuki Udon,Sanuki Udon
Sanyuu West,Sanyuu West
Saperavi,Saperavi
Sappe,Sappe
Sapps,Sapps
Saranrom Thai,Saranrom Thai
Sartiano's,Sartiano's
Satusatu Coffee,Satusatu Coffee
Sayulitas Las Vegas,Sayulitas Las Vegas
Sazon Villa,Sazon Villa
Scar's Pizza,Scar's Pizza
Schilling Restaurant & Bar,Schilling Restaurant & Bar
Schlumped Cocoa,Schlumped Cocoa
Schmuck,Schmuck
Schnippers,Schnippers
Sea,Sea
Sea Salt,Sea Salt
Sea Wolf,Sea Wolf
Seeyamanana,Seeyamanana
Seichou Ramen,Seichou Ramen
Sekai Omakase,Sekai Omakase
Senbei,Senbei
Sendo,Sendo
Seoul Bap,Seoul Bap
Seoul Salon,Seoul Salon
Sereneco,Sereneco
Sergeantsville Inn,Sergeantsville Inn
Serra By Birreria,Serra By Birreria
Set L.e.s.,Set L.e.s.
Set Nolibs,Set Nolibs
Setsu Gekkany Matcha,Setsu Gekkany Matcha
Seven Grams Caffe,Seven Grams Caffe
Shabu Shabu Gen,Shabu Shabu Gen
Shake Shack,Shake Shack
Shaken Not Stirred,Shaken Not Stirred
Shan's Szechuan,Shan's Szechuan
Shanghai Time,Shanghai Time
Shanghai You Garden,Shanghai You Garden
Shhh Omakase,Shhh Omakase
Shinn,Shinn
Shinn West,Shinn West
Shinpi Omakase,Shinpi Omakase
Shiso,Shiso
Shiso Omakase,Shiso Omakase
Shogun Omakase,Shogun Omakase
Shoo Loong Kan,Shoo Loong Kan
Shot Of Art,Shot Of Art
Shu Jiao Fu Zhou,Shu Jiao Fu Zhou
Silky Kitchen,Silky Kitchen
Simo,Simo
Simo Pizza,Simo Pizza
Simply Noodles,Simply Noodles
Sinatra Pizza & Pasta,Sinatra Pizza & Pasta
Sing Choi Kuee,Sing Choi Kuee
Sip Coffee,Sip Coffee
Sir Henry's,Sir Henry's
Sixpoint Brewery,Sixpoint Brewery
Sixty Three Clinton,Sixty Three Clinton
Siyi,Siyi
Sizzle N Slice,Sizzle N Slice
Skinnys Cantina On The Hudson,Skinnys Cantina On The Hudson
Skinos,Skinos
Skirt Steak,Skirt Steak
Sky Ice,Sky Ice
Sky Ice Thai Food & Ice Cream,Sky Ice Thai Food & Ice Cream
Sky Lounge Stellar Garden,Sky Lounge Stellar Garden
Sky Wise Lounge,Sky Wise Lounge
Slappin' Chick,Slappin' Chick
Slice Out Hunger,Slice Out Hunger
Smores N More,Smores N More
Smorgasburg,Smorgasburg
Snack Mood,Snack Mood
Snoopy's Surf Shop,Snoopy's Surf Shop
Soba Totto,Soba Totto
Sobaya,Sobaya
Socarrat Paella Bar,Socarrat Paella Bar
Social Hub Nj,Social Hub Nj
Sodam,Sodam
Softside,Softside
Soho Thai,Soho Thai
Sojourn Social,Sojourn Social
Sol Mexican Cocina,Sol Mexican Cocina
Solato,Solato
Solly's Grille,Solly's Grille
Somedays Bakery,Somedays Bakery
Something Sweet,Something Sweet
Somtum Der,Somtum Der
Sondel North,Sondel North
Song Tea,Song Tea
Sonny's,Sonny's
Soogil,Soogil
Soosanghan Kotedaeji,Soosanghan Kotedaeji
Soosanghanpocha,Soosanghanpocha
Soothr,Soothr
Sopo,Sopo
Sorate,Sorate
Sorimmara,Sorimmara
Sorriso,Sorriso
Sotc,Sotc
Sote Coffee,Sote Coffee
Sotto La Luna,Sotto La Luna
Soup On Soup,Soup On Soup
Souraji,Souraji
Sourdough Sophia,Sourdough Sophia
South Flavors,South Flavors
Souvlaki Lady,Souvlaki Lady
Soy Bean Chan,Soy Bean Chan
Sozai,Sozai
Speedy Korea Grill,Speedy Korea Grill
Spice & Barrel,Spice & Barrel
Spice Thai,Spice Thai
Spicy Moon,Spicy Moon
Spongies Cafe,Spongies Cafe
Spot Dessert Bar,Spot Dessert Bar
Spring Shabu-shabu,Spring Shabu-shabu
Spuntino,Spuntino
Stack'd Burger,Stack'd Burger
Stag & Doe,Stag & Doe
Star Of Siam Thai Kitchen,Star Of Siam Thai Kitchen
State Bar & Grill,State Bar & Grill
State Grill,State Grill
Steakclub7,Steakclub7
Stella's,Stella's
Steva,Steva
Stick With Me,Stick With Me
Stk Steakhouse,Stk Steakhouse
Strawberro,Strawberro
Streecha,Streecha
Strip House Steakhouse,Strip House Steakhouse
Studio Sukoon,Studio Sukoon
Sugar Factory,Sugar Factory
Sugar Moon Bakery,Sugar Moon Bakery
Sukh,Sukh
Sullaluna,Sullaluna
Sum Ramen,Sum Ramen
Summer Bar,Summer Bar
Summit One Vanderbilt,Summit One Vanderbilt
Sumo And Sushi,Sumo And Sushi
Sun Hing Lung,Sun Hing Lung
Sun Hing Restaurant,Sun Hing Restaurant
Sunday Dreamin',Sunday Dreamin'
Sunday In Brooklyn,Sunday In Brooklyn
Sunday Morning Cinnamon Rolls,Sunday Morning Cinnamon Rolls
Sundaze,Sundaze
Sunmerry Bakery,Sunmerry Bakery
Sunrise Mart,Sunrise Mart
Sunshine Restaurant,Sunshine Restaurant
Super Burrito,Super Burrito
Super Dumpling,Super Dumpling
Super Star Farm,Super Star Farm
Super Taste,Super Taste
Superbueno,Superbueno
Supermoon Bakehouse,Supermoon Bakehouse
Suprema,Suprema
Surah,Surah
Suram,Suram
Surf & Skirt,Surf & Skirt
Sushi 295 Mercer,Sushi 295 Mercer
Sushi 35 West,Sushi 35 West
Sushi Akira,Sushi Akira
Sushi By Bou,Sushi By Bou
Sushi By Bou - Nomad,Sushi By Bou - Nomad
Sushi By Scratch,Sushi By Scratch
Sushi Counter,Sushi Counter
Sushi Fan,Sushi Fan
Sushi Hayashi Omakase,Sushi Hayashi Omakase
Sushi Koya,Sushi Koya
Sushi Lab - East Village,Sushi Lab - East Village
Sushi Mori Awase,Sushi Mori Awase
Sushi Nakazawa,Sushi Nakazawa
Sushi Nikko,Sushi Nikko
Sushi Oku,Sushi Oku
Sushi Saint,Sushi Saint
Sushi Yasaka,Sushi Yasaka
Sushi Yasuda,Sushi Yasuda
Sushi Yolo,Sushi Yolo
Sushiichi,Sushiichi
Sushiro The Handroll Bar,Sushiro The Handroll Bar
Susuru Ramen,Susuru Ramen
Sveta,Sveta
Sweet Cake,Sweet Cake
Sweet Chick,Sweet Chick
Sweet Java Cafe,Sweet Java Cafe
Sweet Rehab,Sweet Rehab
Sweetgreen,Sweetgreen
Sybil's Hillside,Sybil's Hillside
Syko,Syko
Symposium,Symposium
T-time Boba,T-time Boba
Taberu Nomu,Taberu Nomu
Taco Empreso,Taco Empreso
Taco Tumba,Taco Tumba
Tacombi,Tacombi
Tacos El Lobo,Tacos El Lobo
Tadaima Cafe,Tadaima Cafe
Tadhana,Tadhana
Taier,Taier
Taiwan Fest,Taiwan Fest
Taiyaki Nyc,Taiyaki Nyc
Take 31,Take 31
Take It Cheesy,Take It Cheesy
Taku Sando,Taku Sando
Takumi Omakase,Takumi Omakase
Takumi Omakase Nyc,Takumi Omakase Nyc
Talkin' Tacos,Talkin' Tacos
Tall Poppy,Tall Poppy
Tamales Juquilita,Tamales Juquilita
Tamarind Island,Tamarind Island
Tangy Noodle,Tangy Noodle
Tanner Smiths,Tanner Smiths
Taqueria El Torito,Taqueria El Torito
Tara Mor,Tara Mor
Taru Restaurant,Taru Restaurant
Taste Good Malaysian Cuisine,Taste Good Malaysian Cuisine
Taste Of Heaven,Taste Of Heaven
Tastemade Me Tacos,Tastemade Me Tacos
Tatiana Restaurant,Tatiana Restaurant
Tatsuda,Tatsuda
Tavern 157,Tavern 157
Tavern On The Green,Tavern On The Green
Taverna East Village,Taverna East Village
Taverna Kyclades,Taverna Kyclades
Taverna Veranda,Taverna Veranda
Tawan,Tawan
Taylor Shellfish Farms,Taylor Shellfish Farms
Tea Around Town,Tea Around Town
Ted's Bakery,Ted's Bakery
Ted's Restaurant,Ted's Restaurant
Temakase Handroll Bar,Temakase Handroll Bar
Ten Ichi Mart,Ten Ichi Mart
Ten Seconds Yunnan Rice Noodle,Ten Seconds Yunnan Rice Noodle
Ten Thousand Coffee,Ten Thousand Coffee
Tender Crush,Tender Crush
Tenten,Tenten
Terry Black's Bbq,Terry Black's Bbq
Tha Phraya,Tha Phraya
Thai Farmhouse,Thai Farmhouse
Thai Market,Thai Market
Thai Villa,Thai Villa
Thames Street Oyster House,Thames Street Oyster House
That Place | Omakase,That Place | Omakase
The Arnold House,The Arnold House
The Atlantic Fish Co,The Atlantic Fish Co
The Attic,The Attic
The Bagels And Co.,The Bagels And Co.
The Bar,The Bar
The Bar Room,The Bar Room
The Bath Club,The Bath Club
The Bazaar By Jose Andres Nyc,The Bazaar By Jose Andres Nyc
The Bedford,The Bedford
The Bellwood,The Bellwood
The Blue Box Cafe,The Blue Box Cafe
The Boardroom,The Boardroom
The Bodega Truck,The Bodega Truck
The Boiis Co.,The Boiis Co.
The Brooklyn Pink,The Brooklyn Pink
The Brothers Cafe,The Brothers Cafe
The Butcher Block,The Butcher Block
The Chef's Table At Brooklyn Fare,The Chef's Table At Brooklyn Fare
The Chicken Supply,The Chicken Supply
The Clam,The Clam
The Consulate,The Consulate
The Cookie Odyssey,The Cookie Odyssey
The Corner Store,The Corner Store
The Cuban Restaurant,The Cuban Restaurant
The Dead Rabbit,The Dead Rabbit
The Dickens,The Dickens
The Dickens -martini Bar,The Dickens -martini Bar
The Docks Off 5th,The Docks Off 5th
The Dolar Shop,The Dolar Shop
The Dolly Llama,The Dolly Llama
The Edge,The Edge
The Elbow Lane,The Elbow Lane
The Factory 380,The Factory 380
The French Workshop,The French Workshop
The Galley,The Galley
The Gold Room,The Gold Room
The Golden Diner,The Golden Diner
The Green Province,The Green Province
The Guild,The Guild
The Halal Urban Bistro,The Halal Urban Bistro
The Happy Tuna,The Happy Tuna
The Highland,The Highland
The Hive,The Hive
The Horny Ram,The Horny Ram
The House Of Prime Rib,The House Of Prime Rib
The Immigrant,The Immigrant
The Ivory Peacock,The Ivory Peacock
The Knickerbocker Hotel,The Knickerbocker Hotel
The Laksa Shop,The Laksa Shop
The Little Gobbler,The Little Gobbler
The Loaded Spoon,The Loaded Spoon
The Lobster Pot,The Lobster Pot
The Lola,The Lola
The Maddox,The Maddox
The Maidstone Hotel,The Maidstone Hotel
The Mean Fiddler,The Mean Fiddler
The Monster Crab,The Monster Crab
The Naked Pig Nyc,The Naked Pig Nyc
The Nines,The Nines
The Nomo Soho,The Nomo Soho
The Nuaa Table,The Nuaa Table
The Nuts Factory,The Nuts Factory
The Onion Tree Pizza Co.,The Onion Tree Pizza Co.
The Original Caribbean King,The Original Caribbean King
The Original John's Deli,The Original John's Deli
The Otter,The Otter
The Oven,The Oven
The Perry Club,The Perry Club
The Pet Market,The Pet Market
The Polo Bar,The Polo Bar
The Pond Court Square,The Pond Court Square
The Pork Store,The Pork Store
The Residence Of Mr. Moto,The Residence Of Mr. Moto
The Rio Dog Cafe,The Rio Dog Cafe
The Rook Manayunk,The Rook Manayunk
The Rose Room Lounge,The Rose Room Lounge
The Rum House,The Rum House
The Rustic,The Rustic
The Sandwich Board,The Sandwich Board
The Scoop N Scootery,The Scoop N Scootery
The Sea Crest,The Sea Crest
The Sea Crest Grille,The Sea Crest Grille
The Shady Lady,The Shady Lady
The Shannon Rose,The Shannon Rose
The Sidecar Bar,The Sidecar Bar
The Simple Fare,The Simple Fare
The Social Hub,The Social Hub
The Soiree,The Soiree
The Standard Grill,The Standard Grill
The Station Cafe,The Station Cafe
The Sweet Shop,The Sweet Shop
The Talbott,The Talbott
The Tang,The Tang
The Tusk Bar,The Tusk Bar
The Uptown Garrison,The Uptown Garrison
The Urban Rasoi,The Urban Rasoi
The Virgo Social Club,The Virgo Social Club
The Walrus Bar,The Walrus Bar
The Warren,The Warren
The Waterfront Club,The Waterfront Club
The Watt Hotel,The Watt Hotel
The Watt Lounge,The Watt Lounge
The Woo Woo,The Woo Woo
Theo Thai,Theo Thai
Third Avenue,Third Avenue
This Bowl,This Bowl
Thonglor Thai Restaurant,Thonglor Thai Restaurant
Three Hot Pot & Bbq,Three Hot Pot & Bbq
Three Of Cups,Three Of Cups
Threes Brewing,Threes Brewing
Thursday Kitchen,Thursday Kitchen
Tianyu Light Festival,Tianyu Light Festival
Tibet Tree Of Life,Tibet Tree Of Life
Tiger Sugar,Tiger Sugar
Tikka,Tikka
Tim Ho Wan,Tim Ho Wan
Tipsy Scoop,Tipsy Scoop
Titos Burritos,Titos Burritos
Tlecan,Tlecan
Toka Chef Kitchen,Toka Chef Kitchen
Tokuyamatcha & Onigirazu Bar,Tokuyamatcha & Onigirazu Bar
Tokyoya Astoria,Tokyoya Astoria
Tomas Mister Bunuelo,Tomas Mister Bunuelo
Tomi Jazz,Tomi Jazz
Tompkins Square Bagels,Tompkins Square Bagels
Tonchin,Tonchin
Tong,Tong
Tootles & French,Tootles & French
Topokki Witch,Topokki Witch
Toribro Ramen,Toribro Ramen
Torien,Torien
Torrisi,Torrisi
Towne Restaurant,Towne Restaurant
Toyoda Sushi,Toyoda Sushi
Tozzo The Italian Coffee Shop,Tozzo The Italian Coffee Shop
Tradisyon,Tradisyon
Traif,Traif
Trapizzino,Trapizzino
Trattoria Ammazzacaffe,Trattoria Ammazzacaffe
Trattoria Dell'arte,Trattoria Dell'arte
Traveler's Table,Traveler's Table
Trestle,Trestle
Trestle Astoria,Trestle Astoria
Tripp Burgers,Tripp Burgers
Tru Fru,Tru Fru
True Flavors,True Flavors
Truffle Bakery,Truffle Bakery
Truluck's,Truluck's
Truth Restaurant And Lounge,Truth Restaurant And Lounge
Truva Cafe & Grill,Truva Cafe & Grill
Tsaocaa,Tsaocaa
Tsubame,Tsubame
Tsujita,Tsujita
Tsukiji,Tsukiji
Tsukiji Nippon Fish Market,Tsukiji Nippon Fish Market
Tsukimi,Tsukimi
Tsumo Omakase,Tsumo Omakase
Tsurutontan Udon Noodle Brasserie,Tsurutontan Udon Noodle Brasserie
Tufino Pizzeria,Tufino Pizzeria
Tuome,Tuome
Turkey Berry Halal,Turkey Berry Halal
Turning Point Restaurants,Turning Point Restaurants
Turntable Chicken Jazz,Turntable Chicken Jazz
Turtle Bay Tavern,Turtle Bay Tavern
Twenty Three Grand,Twenty Three Grand
Twin Grills,Twin Grills
Two Cents Plain,Two Cents Plain
Two Hands,Two Hands
Txikito,Txikito
Tygers,Tygers
U Omakase,U Omakase
Udom Thai,Udom Thai
Udon Lab,Udon Lab
Ueki Sushi,Ueki Sushi
Ugly Bakery,Ugly Bakery
Uluh,Uluh
Umacha,Umacha
Umami Sushi,Umami Sushi
Umami Sushi And Grill,Umami Sushi And Grill
Ume,Ume
Umi Hotpot Sushi & Seafood Buffet,Umi Hotpot Sushi & Seafood Buffet
Unagi Obana,Unagi Obana
Uncle Junior,Uncle Junior
Unconventional Diner,Unconventional Diner
Unique Escapes,Unique Escapes
Unique Omakase,Unique Omakase
Universal Taco,Universal Taco
Unregular Bakery,Unregular Bakery
Unregular Pizza,Unregular Pizza
Upon The Palace,Upon The Palace
Urban Backyard Nyc,Urban Backyard Nyc
Urban Hawker,Urban Hawker
Urban Space Vanderbilt Market,Urban Space Vanderbilt Market
Urgot Osh Markazi,Urgot Osh Markazi
Ut47,Ut47
Utopia Bagels,Utopia Bagels
Uyghur Lagman House,Uyghur Lagman House
Uyghur Tandoor Samsa,Uyghur Tandoor Samsa
Van Leeuwen Ice Cream,Van Leeuwen Ice Cream
Veerays,Veerays
Vegan On The Fly,Vegan On The Fly
Vegandale,Vegandale
Verde Ristorante,Verde Ristorante
Vernick Coffee Bar,Vernick Coffee Bar
Vernick's Fish,Vernick's Fish
Vert Frais,Vert Frais
Vestry,Vestry
Via Carota,Via Carota
Vida,Vida
Vida Verde,Vida Verde
Vinile Chophouse,Vinile Chophouse
Vinny's Cafe,Vinny's Cafe
Vinyl Steakhouse,Vinyl Steakhouse
Virgil's Real Bbq,Virgil's Real Bbq
Virginia's,Virginia's
Viva Mexico,Viva Mexico
Viva Mexico Restaurant,Viva Mexico Restaurant
Vshow Ktv Bar & Nightclub,Vshow Ktv Bar & Nightclub
V{iv} Thai Restaurant & Bar,V{iv} Thai Restaurant & Bar
Wabi Nori Hand Roll Bar,Wabi Nori Hand Roll Bar
Wabino Handroll,Wabino Handroll
Wagamama,Wagamama
Wagyu Place,Wagyu Place
Wagyu Yama,Wagyu Yama
Wagyu Yama Yakiniku & Seafood Shabu,Wagyu Yama Yakiniku & Seafood Shabu
Wah Fung,Wah Fung
Wah Fung No. 1,Wah Fung No. 1
Waldorf Astoria Ithaafushi,Waldorf Astoria Ithaafushi
Walkers,Walkers
Wangbi,Wangbi
Wangs,Wangs
Waroeng Sebatu,Waroeng Sebatu
Watami Sushi,Watami Sushi
Water & Wheat,Water & Wheat
Watermark,Watermark
Wayan,Wayan
Wayla,Wayla
Weill Cafe At Carnegie Hall,Weill Cafe At Carnegie Hall
Weston's Kewpee Of Lansing,Weston's Kewpee Of Lansing
Westville,Westville
What The Fish,What The Fish
When In Bangkok,When In Bangkok
White Bear,White Bear
White Manna,White Manna
White Manna Burgers,White Manna Burgers
White Maple Cafe,White Maple Cafe
White Noise Coffee Co.,White Noise Coffee Co.
Wildgrain,Wildgrain
Williamsburg Pizza,Williamsburg Pizza
Wimpy's,Wimpy's
Win Son,Win Son
Wine Garden City,Wine Garden City
Wine Garden West,Wine Garden West
Wingstop,Wingstop
Winnie's Broadway,Winnie's Broadway
Winson Bakery,Winson Bakery
Wintergreen Cafe,Wintergreen Cafe
Witch Topokki,Witch Topokki
Wo Hops,Wo Hops
Wokbar,Wokbar
Wolfnights,Wolfnights
Won Kbbq,Won Kbbq
Wonderland,Wonderland
Wonton Noodle 1978,Wonton Noodle 1978
Woodbine Slic,Woodbine Slic
Wooga,Wooga
Wu's Shanghai Dumpling,Wu's Shanghai Dumpling
Wu's Wonton King,Wu's Wonton King
Xenos Pizza,Xenos Pizza
Xi Yue Hui,Xi Yue Hui
Xie Bao,Xie Bao
Xin Fa Bakery,Xin Fa Bakery
Xing Fu Tang,Xing Fu Tang
Xu's Public House,Xu's Public House
Y Space Bbq,Y Space Bbq
Yakiniku Gen,Yakiniku Gen
Yakiniku Toraji An,Yakiniku Toraji An
Yamada Stand,Yamada Stand
Yaya Tea,Yaya Tea
Yefsi Estiatorio,Yefsi Estiatorio
Yemen Chuan Chuan,Yemen Chuan Chuan
Yemenat,Yemenat
Yemeni Restaurant,Yemeni Restaurant
Yes Apothecary,Yes Apothecary
Yezo Thai Isankaya,Yezo Thai Isankaya
Ygf Malatang,Ygf Malatang
Yi Fang,Yi Fang
Yingtao,Yingtao
Yokox Omakase,Yokox Omakase
Yono Sushi,Yono Sushi
Yook92 Korean Bbq Restaurant,Yook92 Korean Bbq Restaurant
Yoon Haeundae Galbi,Yoon Haeundae Galbi
Yopparai,Yopparai
Your Mother's House,Your Mother's House
Yum Cha,Yum Cha
Yummy Cheese Pasta,Yummy Cheese Pasta
Yumpling,Yumpling
Z Prime Italian Steakhouse,Z Prime Italian Steakhouse
Zabars,Zabars
Zao Men Qian Hot Pot,Zao Men Qian Hot Pot
Zaytoun Catering,Zaytoun Catering
Zen Astoria,Zen Astoria
Zen Fusion Cuisine,Zen Fusion Cuisine
Zeppola Bakery,Zeppola Bakery
Zhengxin Chicken,Zhengxin Chicken
Ziggle,Ziggle
Zingerman's Deli,Zingerman's Deli
Zio Toto,Zio Toto
Zu Bakery,Zu Bakery
Zuri Coffee,Zuri Coffee
Zutto Japanese American Pub,Zutto Japanese American Pub
